id,text,label_pred1,label_pred2,label_pred3,gold_label_pred
d_2001_01,me encanta eso de defender siempre al “inmigrante” solo por el hecho de serlo.,0,0,0,0
d_849_01,servicios del menor puede hacerse cargo de un menor en riesgo sin mediación de un juez.,0,0,0,0
d_2129_01,"de nuevo miles de madres marroquíes llorando por haber perdido a sus hijos a los que, probablemente, no verán nunca más!",0,1,1,1
d_836_03,"por supuesto, el año que viene regularizamos a otros seiscientos mil más.",0,0,1,0
d_2216_01,"y lo que haga falta y más para eso está la cartera de los españoles para sufragar todos estos gastos,maravilloso,¡¡ja,ja,ja,!!.",0,0,1,0
d_1562_02,"algunos esclavistas disfrazados de ong y los otros mirando para otro lado y acusando a su paisano de racista mientras se toma una copita en el salón de su casa viendo la escena por la tv, a 2000 km de donde se producen los hechos",0,0,1,0
d_2217_02,"si me diesen un euro por cada ejemplar de estos que he conocido, tendría una mansión en aruba.",0,0,0,0
d_80_02,y yo no he afirmado lo contrario ni he realizado una defensa del islam.,0,0,0,0
d_2038_04,"pero necesitan el mismo control que todos los demás, independientemente de la política migratoria que se les aplique.",0,1,1,1
d_2381_01,"y a tu madre la siguen llamando ""el tocino sudoroso""?",0,0,0,0
d_44_02,"tolerancia a las creencias de cada uno, porsupuesto.",0,0,0,0
d_2436_01,"habéis visto en dmax y otros las series de control fronteras usa, au?",0,0,0,0
d_2343_02,en el bar del aeropuerto de palma.,0,0,0,0
d_655_03,"muchos votantes (no todos) de extrema izquierda que pide un ingreso para todos los que no cotizan, está de acuerdo porque se beneficia de ello.",1,1,1,1
d_1355_03,"lo dicho, menuda película que te has montado.",0,0,0,0
d_768_04,que no nos quiere decir la receta el tío.,0,0,0,0
d_1360_05,repito: qué fácil es meterles a algunos la semillita del policorrectismo y la flor en el culo.,0,0,0,0
d_677_01,"con millones de parados, dispuestos a trabajar en lo que sea, estos miserables que nos gobiernan, encima, tienen la caradura, desfachatez, la falta de respeto de decir que los han traído y que han sido los que nos han salvado por trabajos que la gente no quiere, cuando hasta sindicatos hablaban de facilitar a los parados y temporeros corredores de seguridad para las campañas.",1,1,1,1
d_556_03,de vergüenza y lamentable.,0,0,0,0
d_2208_04,churras y merinas.,0,0,0,0
d_790_01,entiendo perotienen a la democracia de su lado.,0,0,0,0
d_76_07,si lucharan contra esta mierda exigirían transparencia y claridad.,0,0,0,0
d_1696_04,robos continuos.,0,0,1,0
d_952_01,"no sabia ni regatear el idiota, 50 euros?",0,0,0,0
d_2332_03,"sí, voy a votar a vox.",0,0,0,0
d_2156_01,"lo único que hay que asumir es que a gente como usted antes solo se les escuchaba de fondo en el bar, mezclada con conversaciones de borracho y escándalo de cafetera, y ahora consiguen dar vergüenza ajena a nivel global, a base de exhibir sus miserias por las redes.",0,0,0,0
d_111_02,la de tonterías que hay que leer.,0,0,0,0
d_1150_01,vox,0,0,0,0
d_1967_02,"si no eres mejor que un negro, hijo, no eres mejor que nadie.",0,0,0,0
d_1450_01,"será que ya tengo una edad, pero que hace una niña de 14 años a la una de la madrugada en la calle, y sola??",0,0,0,0
d_2489_02,vaya país esté con este descontrol sin parangón!,0,0,0,0
d_2344_01,"la españa que nos dejaron nuestros padres daba pena, con una guerra genocida de un dictador que ejecutó durante décadas a quien no le gustaba.",0,0,0,0
d_2404_01,expulsion inmediata de estos delincuentes,1,1,1,1
d_1203_01,"en españa tenemos un gobierno psoe-up, asi que simplemente estamos disfrutando lo votado.",0,0,0,0
d_1389_02,son nuestroh niñohhhh!!!,0,0,0,0
d_2075_04,como si fuese una mascota abandonada encontrada en la calle.,0,0,0,0
d_1695_01,"esta gente que con el dinero de los demás es super solidaria, que no ha cotizado en su vida que jamás se ha esforzado, podría acogerlos en su casa y darles de comer con su dinero, no con el mío, que facil es con los impuestos que pago yo que ella sea super solidaria, porque no le cuesta nada",1,1,1,1
d_2334_02,1 una fragata a italia a buscar a inmigrantes,1,1,1,1
d_805_05,"eso si ellos ""todos"" los sátrapas se enriquecen a costa de su naciones.",0,0,0,0
d_2103_03,"si me da asco ver a un españold pedir y pienso que es un borracho o yonki o hijo de familia desestructurada. pues de los demás sobran las palabras, con las pintas que tiene más de uno.",0,0,0,0
d_893_01,"puede volver de forma ilegal, y permanecer de forma ilegal.",1,1,1,1
d_839_02,600.000 sueldos mínimos a cargo del estado.,0,1,1,1
d_762_03,ya en la pasada crisis de fueron un montón.,0,0,0,0
d_2392_02,entonces de lo único que se preocuparán es de que haya brotes de islamofobia.,0,0,0,0
d_2389_01,"vaya, parece que he dado en la diana.",0,0,0,0
d_678_01,de las pocas y mejores ideas que ha tenido este partido.,0,0,0,0
d_2288_01,"también, pero a esos (como premio) se les traslada a escondidas a la peninsula",0,1,1,1
d_1118_03,"los ""centros"" son necesarios ya que cuando tus padres y tu país  de origen te deja los tenemos que meter en algún sitio para enseñarles  a adaptarse  o integrase en  una nueva cultura, pero no podemos cambiar a quienes no quieren.....",1,1,1,1
d_2414_05,ya me podéis decir facha...,0,0,0,0
d_2482_03,"y cuando cumplan la condena se les devuelve, entonces sí, y con prohibición de entrar en europa para siempre",1,1,1,1
d_614_05,"vamos, lo mismo que exigen a los españoles en extranjero.",0,0,0,0
d_1056_03,"no queremos que se vayan, dice. qué irritante inclinación existe hoy a excusar y justificar a todo malhechor, en vez de pedirles esfuerzo por adaptarse si quieren quedarse.",1,1,1,1
d_994_01,sois un grandísimo país,0,0,0,0
d_869_03,le quitaron ambos.,0,0,0,0
d_2285_01,"se llamaba ""open arms"" el avión ?",0,0,0,0
d_627_04,hurra!! estamos salvados!!,0,0,0,0
d_1647_01,las editoriales son las que utiilazan una imagen de la chica para dar prensa .,0,0,0,0
d_2291_02,"sigamos unos años así, y en nada, estos progres gobernantes nos habrán sumido al yugo musulmán.",1,0,1,1
d_2001_05,juzguemos loq ue pasa no; es inmigrante pobrecito y es españold malisimo.,1,1,1,1
d_1173_02,necesitamos soluciones contundentes para garantizar la seguridad de los vecinos. en el partido constitucionalista vox defenderemos la expulsión de quienes rompen la convivencia en nuestras calles. url,1,1,1,1
d_1750_01,menos tú.,0,0,0,0
d_1780_01,con el gobierno sacialcomunista somos el hazmerreir del mundo.,0,0,0,0
d_2048_02,"indica que el 60% de los muslmanes no trabajan en inglaterra, cuando el es 6%.",0,1,0,0
d_1846_01,ni a portugal.....,0,0,0,0
d_2045_03,el desempleo es 6% en los musulmanes en inglaterra,1,1,1,1
d_1318_02,no os va a funcionar.,0,0,0,0
d_1898_02,q paguen ellos.,0,0,0,0
d_800_03,no tienen ni idea de donde nos van a meter y de quién va a pagar todo esto.,1,0,1,1
d_618_03,menudos sinvergüenzas parásitos y vagos.,0,0,0,0
d_1353_03,preguntarme por un estudio en el que basar una metáfora?,0,0,0,0
d_1664_02,¿que horario de apertura tienen? que pena penita pena,0,0,1,0
d_293_02,españa?,0,0,0,0
d_1056_02,"no queremos que se vayan, dice.",1,1,1,1
d_1638_06,"debe ser que su meta, que hace mucho que superaron, es el ""malismo"".",0,0,0,0
d_184_02,"no es lógico, en forma oficial, francia y varios países latino-americanos, en uruguay hace un siglo que no se dan religiones, y en la argentina hace más de medio siglo que tampoco, y parecido pasa en méxico, etc.",0,0,0,0
d_1832_01,"creo que se equivoca, .......... están en el gobierno",0,0,0,0
d_1880_01,y los que lo votaron. malditos todos.,0,0,0,0
d_589_06,"llegar a los extremos de ""cafe para todos"" es económicamente insostenible (el estado quiebra) pero también es poco humano y poco inteligente no darle la oportunidad a esta gente de aportar a la economia del pais",1,1,1,1
d_590_01,"qué barbaridad!!!! claro, tiene quite ser una estupidez inmensa para tapar la gran cloaca de su partido.",0,0,0,0
d_667_01,y todavía hay algún borrego que se piensa que va a pillar paguita de estos jajajajaj,1,1,1,1
d_1336_01,que le pregunten a francia...,0,0,0,0
d_809_05,"si sumamos los impuestos de los que están exentos de pagar irpf y de los que trabajan en la economía sumergida, y restamos lo que hay pagar por salario mínimo a todos esos nuevos candidatos a cobrar esta nueva ayuda, sale que vamos a gastar unos 1000 millones de euros adicionales.",1,1,0,1
d_594_02,va a quedar como un pincel.,0,0,0,0
d_2508_02,hablan q si china o rusia o algún país q se pone serio con la inmigración le tachan de q no tiene democracia pero me parece q lo q pasa es les joroba q ellos se pongan serios y no les entre nadie q ellos no quieren q entren,1,0,1,1
d_857_03,"por cierto, al juez que les mete 200 años y después le corrigen a 4 no le pasa nada????",0,0,0,0
d_299_01,"no pasa nada, al bajar dice que tiene 14 años y a vivir la vida midugis juejuejejejeuejjejj",0,0,1,0
d_2009_06,"el que no lo quiera ver, que no lo vea.",0,0,0,0
d_839_01,600.000 parados más.,0,0,0,0
d_1958_02,"y si en la calle sufre acoso y violencia, lo raro es no responder con violencia -adaptarse a lo que se encuentra, ni más ni menos-.",0,0,0,0
d_1603_02,"lamentable la noticia! como manipulais, sin tener ni idea de que pasa en ceuta desde hace decadas.",0,0,0,0
d_1721_04,"da vergüenza ser españold, nos toman por imbéciles.",0,0,1,0
d_313_01,"los mejores, los paga pensiones.",1,1,1,1
d_1464_03,"y todo, lo pienso sinceramente, por ser una veinteañera tontalava e ingenua.",0,0,0,0
d_47_06,"mira tu familia, o tus amigos.",0,0,0,0
d_1725_01,"otra prueba, por si hiciera falta, de la miseria de nuestro país.",0,0,0,0
d_226_02,y una paga de 2.880 leuros.,1,1,1,1
d_565_02,"y restringirles selectivamente caso por caso(si a medicos y cientificos,etc).",0,0,0,0
d_267_01,nos ha quitado la oportunidad de tener a otro pagando pensiones y encima le vamos a tener que pagar a él la manutención.,1,1,1,1
d_2103_05,"no es obligatorio, me alegro",0,0,0,0
d_1992_01,comodín de racismo y a blanquear lo enegrecido.,0,0,0,0
d_2092_02,no doy crédito a tanta inmoralidad y bajeza humana.,0,0,0,0
d_1721_01,"a ver si lo he entendido. un avión marroquí, lleno de hijos de mohamed, ha aterrizado de urgencia en el aeropuerto de palma.",0,0,0,0
d_982_02,el que ocurra un resultado you otro depende de la suerte.,0,0,0,0
d_940_01,"pues que no me cuenten la noticia y yasta, si es que... ""pa no decir na""",0,0,0,0
d_1119_01,"el pp es otro partido socialdemócrata más, qué creías que iba a hacer  ?...",0,0,0,0
d_1467_04,ojala le caiga una maldicion por hacerle eso a las pobres criaturas.,0,0,0,0
d_1301_01,ahora en el puesto mas alto está crónica balear.,0,0,0,0
d_626_01,"muy fácil , dele usted trabajo y su casa, después hable,y lo de vox es inaudito lo que dice,habiendo como poco 4 millones de parados y el campo abandonado,obligue a los parados a trabajar donde haga falta,en casa cobrando se esta muy bien ,verdad?",1,0,1,1
d_128_01,¿y nos van a hacer creer que nadie sabía que este i amán daba un discurso de odio?,0,0,0,0
d_1704_01,"ellos son ""los buenos"".",0,0,0,0
d_1396_05,tenemos un 20% de paro y encima permitimos que entre morralla del tercermundo con una mentalidad medieval y una religión de hace 700 años que apuntala que la mujer no vale una mierda y se puede disponer de ella como se quiera.,0,1,1,1
d_172_01,¿hacemos? ¿quiénes?,0,0,0,0
d_1297_01,"un ""agosto de 2020"" hablando de aviesas intenciones e ideologías.",0,0,0,0
d_853_08,lo que le ocurrió no es tan raro.,0,0,0,0
d_148_03,¿para otros la solución a todo esto son los bolardos?....,0,0,0,0
d_1558_02,"a mí me importa un bledo si quien me invade viene de marruecos directamente o ha llegado previamente a marruecos: es un invasor que asalta mi frontera, aterroriza a mis paisanos, apedrea a las fuerzas de orden y trae consigo un virus del que queremos escapar.",1,1,1,1
d_2055_02,tener a la gante en naves industriales no parece muy humanitario y ya no podemos acoger mas.,0,0,1,0
d_1798_06,"aún no disponemos de toda la información sobre este incidente, pero no me extrañaría que, incluso, ese grupito conspirativo viajase en business class.",0,0,0,0
d_1699_03,o diadores,0,0,0,0
d_554_03,"sinverguenzas, proclamáis ser de izquierdas pero sois unos falsos.",0,0,0,0
d_1850_02,no tiene idea de como ir solucionando los problemas que se le presentan.,0,0,0,0
d_175_07,"también han colaborado en esta macabra creación gran bretaña, arabia saudí y qatar... y en cierto modo, con el tráfico de petróleo del is, turquía.",0,0,0,0
d_2039_01,"en muchos barrios de reino unido, una mujer no puede llevar una falta corta o los brazos al descubierto, la cubren a insultos e incluso agresiones y ésto es el principio:",0,0,1,0
d_2035_02,"tenemos medio tercer mundo agolpándose a las puertas de nuestra casa con la clara intención de tirar la puerta abajo y entrar por la fuerza a arrebatarnos lo nuestro y la guinda es un gobierno blando, indolente, progre de baba, que abomina del uso de la fuerza aunque el que tengas enfrente sí la utilice contra ti.",1,1,1,1
d_1099_03,"lo segundo, qué imagen más bochornosa de ese túnel, todo pintado.",0,0,0,0
d_2097_02,"menudos comentarios, una ya no sabe si es maldad o es que la cabeza no les da xa mas.",0,0,0,0
d_1532_01,"los que la insultan son miserable as de vox , parte del pp y grupúsculos de extrema derecha...pero vamos esa niña está más cerca de cristo que muchos y muchas de misa diaria..,",0,0,0,0
d_689_01,esto cambiará cuando dos menas le roben la silla y la cartera.,1,0,0,0
d_2025_02,1º ) observemos israel........,0,0,0,0
d_1502_02,ni un duro para las ong.,0,0,0,0
d_613_02,"tienes que comprar más estómagos agradecidos para intentar frenar la debacle inminente de tu partido, claro.",0,0,0,0
d_807_03,son más falsos que un euro de cartón.,0,0,0,0
d_1557_03,"ha elegido el puesto de trabajo con el que mejor se realiza, y ya está.",0,0,0,0
d_2481_04,es mucho más fácil sacarse un visado y cruzar tranquilamente por algeciras.,0,0,0,0
d_1862_01,….antes de atacar los lobos tientan buscando la debilidad de la presa,0,0,1,0
d_1112_01,"vas por dónde quieres, lo que tiene que haber seguridad pública, no tener que dar la vuelta para no toparte con los dos personajes",0,0,0,0
d_1122_04,¿porqué tiene miedo a salir si parece ser que para ella son unas pobres criaturas?,1,0,1,1
d_1835_01,"en abc hace poco tiempo: ""un ataque con cuchillo en un tren deja varios heridos en alemania""",0,0,0,0
d_1349_02,el que calla otorga:,0,0,0,0
d_1602_01,que daño haceis abc dando publicidad a esta manipulación.,0,0,0,0
d_1595_02,cada uno en su papel.,0,0,0,0
d_1104_02,eso no existe (salvo en la cabeza del redactor).,0,0,0,0
d_242_01,ahora suelta esa alimaña en un pais occidental beta,0,0,1,0
d_12_02,"estos tíos lo que hacen es mirar, ver quien es más vulnerable y atacar luego en privado para llevarlos a su causa.",0,0,0,0
d_2454_02,"nada!, nada! ni juicio ni historias!, meterlos en un avión de vuelta a su p... casa en marruecos, pero ya!",1,1,1,1
d_105_02,ya comenté algo similar en un hilo anterior.,0,0,0,0
d_916_03,son una peste para la sociedad.,0,0,0,0
d_1212_04,entonces ya tenemos asesinos pero como son menores tampoco pasaría nada.,1,0,1,1
d_1240_01,lo que tienen que hacer es cambiar la clave o elegir una encriptación mayor.,0,0,0,0
d_1844_01,estos marroquíes no tienen remedio...,0,0,1,0
d_1383_01,porque se escribe wi-fi,0,0,0,0
d_1581_04,"con quienes tenemos que ponernos ""estupendos"" es con los políticos que hacen una ley de inmigración/extranjería que no funciona, con la unión europea que mira para otra parte, con el gobierno y el rey de marruecos que han utilizado miserablemente la desesperación de estos seres humanos, con este gobierno incapaz, ""posturita"", de maquillaje, al que ni siquiera sus conciudadanos le hemos importado antes, durante y después de la pandemia.",1,1,1,1
d_1849_03,"cuando un país no se respeta a sí mismo, es difícil que lo respeten fuera de sus fronteras.",0,0,0,0
d_170_11,los mossos y sus barretinas esteladas 'no cubren' necesidades.,0,0,0,0
d_2281_02,"hay que aprender de sus leyes, adaptadas a ellos.",0,0,0,0
d_1816_04,"otrosí: los comas diabéticos se paran casi instantáneamente proporcionando bebidas azucaradas i.e: cola, agua azucarada o similar.",0,0,0,0
d_1045_01,por lo visto tendremos que esperar a que a estos simpáticos y ultraprotegidos menores (algunos no tanto) se les vaya la mano y haya alguna muerte.,1,1,1,1
d_2044_02,en inglaterra hay 2.7 millones de musulmanes.,1,1,1,1
d_2074_02,"como si en españa no tuviesemos un sistema sanitario, proteccion civil o la ume.",0,0,0,0
d_1435_02,"el otro día pillé a un político robándome la cartera y le dije “ah vale, perdona, que pensaba que eras un moro de mierda!”.",0,0,0,0
d_722_02,hay que salir a las calles a manifestarse y pedir la dimision de esta gentuza ..,0,0,0,0
d_105_04,"pero bueno, yo no me lo creo del todo.",0,0,0,0
d_1020_01,"bla bla bla, dice el artículo: “se abalanzaronsobre elle por la espalda”, “estrangulándola por medio de la técnica del(maletón) hasta hacerla perder la consciencia”.",0,0,0,0
d_2432_01,pues yo soy asesor fiscal.,0,0,0,0
d_1980_06,"analizar sólo lo que pueda pasar en europa es ver una parte del problema, no el todo.",0,0,0,0
d_1584_01,¿y alguien sabe si hubo consentimiento previo para el abrazo?,0,0,0,0
d_741_01,"como los obreros ya no les votan a los comunistas progresistas, ahora además de feministas, animalistas, universitaristas y demás istas, hay que buscar voticos en el nuevo caladero.",0,0,0,0
d_2445_03,ahora se hace llamar dolores vázquez.,0,0,0,0
d_1656_01,"para empezar, no son emigrantes, son invasores y, en lugar de ""consolarlo"", lo que hay que hacer es devolverlos por donde han venido.",1,1,1,1
d_1429_01,"pues no listo, ya los hay que empiezan por 7 :-p",0,0,0,0
d_2112_02,"espero que todo lo vaya bien, y que no tenga que buscarse mucho la vida, porque sino, le auguro un futuro muy negro.",0,0,0,0
d_1261_01,pero si hay que apostar ....,0,0,0,0
d_670_03,se creen inmunes y actúan impunemente.,0,0,0,0
d_2451_01,dolores te llamas ahora?.,0,0,0,0
d_483_01,esto es lo que importas cuando los rescatas en lugar de hundirlos.,0,0,0,0
d_445_03,rasistas,0,0,0,0
d_2515_04,ninguno de estos niñatos va a volver a alterar nuestras vidas.,0,0,0,0
d_954_01,"cada vez que leo esas cosas me preguntó cuántos años tiene quien lo escribe, entre los que teníamos ya uso de razón a final del siglo pasado dudo que haya muchos que no vean una diferencia brutal entre la cantidad de machismo que había a principios de siglo y la de ahora, eso sin contar con temas medibles como reducción de asesinatos de género, aumento de mujeres con estudios superiores, y un gran etc.",0,0,0,0
d_2047_01,"ramoncete, ya le contesté antes, veo que no hace ningún comentario sobre las violaciones de niños, los asaltos e insultos a las mujeres en sus barrios.",1,1,1,1
d_865_05,"así que les pusieron cosas delirantes como que el ""era violento"" cuando jamás tocó a los niños y ahí quien tenía mala ostia era la madre o que no los alentaban lo suficiente cuan precisamente estaban siguiendo una dieta para controlar el sobrepeso de una de sus hijas.",0,0,0,0
d_978_01,"país sin ley, okupas y delincuencia",1,1,1,1
d_57_02,"lamento que quieras desviar la atención pensando que cualquiera que te lleva la contraria tenga que ser automaticamente ""el enemigo"".",0,0,0,0
d_1445_02,solo faltaría que no pudiese ir sola por la calle.,0,0,0,0
d_1316_04,"esto no significa que todos, pero delinquen mas.",1,1,1,1
d_1205_02,"han votado a unos partidos que defienden que esos menores, marroquíes, en vez de devolverlos a su país de origen,  se tienen que quedar aquí.",1,1,1,1
d_1436_02,calles de 3 carriles en las que solo se puede usar el del medio porque los de los lados están llenos de capullos con las luces esas que parpadean y sirven para aparcar donde te da la gana.,0,0,0,0
d_539_03,miedo me da ante tanto descerebrado con capacidad de voto...,0,0,0,0
d_1980_02,así que igual lo de la diferencia de cultura no es tan relevante en ese sentido.,0,0,0,0
d_162_03,"¿que estoy en contra de que unos señores practiquen su religión, sea cual sea si conviven con nosotros?",1,1,1,1
d_324_01,"en irak tienen una cura experimental que parece que va bien para estos casos, con un buen arbol, una soga y algo de gravedad se podria empezar",0,0,0,0
d_1711_07,"es una situación fortuita que para algunos será humana, pero a la chica no la criticare, por realizar su trabajo humanitario.",0,0,0,0
d_2118_01,no ser malos con ella...que es lo mas cerca que estuvo de un hombre...,0,0,0,0
d_1655_01,"no cabe duda que es una gran tragedia que haya gente, que necesite tener que ir a pedir comida a las mal llamadas ""colas del hambre"", por qué mal llamadas?, pues porque hay gente que se aprovecha y prefiere pedir comida, teniendo forma de pagársela y gastándose lo que tienen en otras ""cosas""..",1,1,1,1
d_2206_01,"mientras no se llamen a las cosas por su nombre y se continúe en el ""buenismo"" y lo que éste conlleva (subvenciones a ongs, leyes blandas en relación con la inmigración, efectos llamada...), éste problema (invasión) no se solucionará e irá a más como se está comprobando.",1,1,1,1
d_1212_02,a seguir delinquiendo que sale gratis.,1,1,1,1
d_2216_02,"nos van a inflar de impuestos para poder pagar todo estos desmanes ya lo verán,pero no solamente la izquierda sino la derecha también.",1,0,0,0
d_1118_01,"«lo que no entendemos es que los tengan metidos en un centro, como cabras dentro de un redil, sin que su situación mejore»..",1,1,1,1
d_2207_01,estoy intentando poner el foco sobre la compasión que inevitablemente me produce ver esas personas sufridoras y miserables.,1,0,0,0
d_840_01,esta gente que quiere llenar a españa de extranjeros?,1,1,1,1
d_490_01,"dejad de copiar noticia a periodistas q quieren destruir internet, el q le corto es el mafioso de la patera eso lo dicen al final",0,0,0,0
d_2012_01,"ahí ahí, aportando argumentos.",0,0,0,0
d_959_01,no se expulsa menores en españa.,0,0,1,0
d_480_01,pura supervivencia.,0,0,0,0
d_1980_05,"esto es un proceso global, y las corrientes migratorias son un síntoma de ello.",0,0,0,0
d_2421_04,somos el hazmerreír de toda europa y parte del resto del mundo.,0,1,0,0
d_677_03,"o sea, nos están llamando vagos.",0,0,0,0
d_50_02,y éste es el caso.,0,0,0,0
d_37_04,¿o tal vez en obligar a toda la sociedad a comer cerdo y beber alcohol?,0,0,1,0
d_2375_01,"un funcionario del sepes me comentaba, señora que va a pedir la ayuda familiar, siendo española, sale en el ordenador que tiene un piso, un coche y esta en paro después de un montón de años cotizados, denegada.",0,1,0,0
d_971_02,me repugna leer que este tipo de actos se llevan a cabo en mi país y la cosa está pasando de castaño a oscuro.,0,0,0,0
d_1940_01,"paguitas, alimentación, salud, vivienda, buen trato y ahora...según sanchinflas, residencia...",1,1,1,1
d_1019_01,"estoy con la mayoría de quienes comentan acerca de la detención y expulsión,  si no fueran españoles y, si lo fueran, reformatorio hasta que fueran mayores de edad.",1,1,1,1
d_1053_01,?está noticia es verdad o se trata de propaganda hacia lo mal que están los pobrecitos en los centros de acogida?,1,1,1,1
d_1228_02,los medios lacayos podrían acusarle de racista,0,0,0,0
d_63_01,"joder, pues opinamos prácticamente lo mismo. el control estricto de fronteras ha funcionado para reducir drásticamente la violencia palestina, pero aún hay claro, pero menos…",0,0,0,0
d_621_02,"los españoles, seremos hijos de dios, pero no somos santos.",0,0,0,0
d_1932_01,"porque lo mismo estaba todo planificado y ""las medidas de seguridad"" que tenian que ser dobladas y con presencia policial, y solamente bajar del avión ""el supuesto paciente""",0,0,0,0
d_1392_02,o cambian las leyes o acabaremos por tomar la justicia por nuestra mano con todos los peligros que ello conlleva para todos.,0,0,1,0
d_216_01,estaría bien que se inmolasen en las propias pateras.,1,0,0,0
d_1665_01,"esto de los abrazos ya tenemos referencias propagandistas de la era ""preparando el 2050"" (ya que estamos, hay que preparar el 2492 con un ""buen presupuesto"")",0,0,0,0
d_558_01,"podemos y su manual de ""cómo hundir países""...",0,0,0,0
d_166_01,"detrás siempre est?n los patiriarkaaz-liiztaaz con sus grandes dineros; donde cada clero es su peón; incluyendo a las moonarkiaz; donde cuanto peor mejor, si ellos lo dominan, para que no se hable de estadios, donde sus incapaces jefes, fueron ""arreglados"" con la guillotina.",0,0,0,0
d_945_02,"ah ok, es que le dieron tiempo para ahorrar más y venir a comprarse mas esposas.",0,0,0,0
d_2393_02,sabes tú que si puedo...me parto jamón y empiezo.,0,0,0,0
d_923_01,oooooh estás tocando un tabú y no hablo de uno solamente para la admn. de menéame,0,0,0,0
d_2140_01,"la solución es muy sencilla, te lo llevas a tu casa y corre con los gastos.",0,0,0,0
d_1037_01,x,0,0,0,0
d_156_01,"lo malo de la educación es que es un proceso largo y lento, y es difícil de llevar a países atrasados.",0,0,0,0
d_1332_02,"al menos no somos usa, ni brasil ni cualquier otro país donde la policía tiene impunidad para matar.",0,0,0,0
d_48_02,"y en general como mínimo las religiones suelen ser supremacistas, homófobas, machistas, excluyentes....",0,0,0,0
d_1490_02,nadie nace sabiendo y los mesajes progres son tan potentes en los medios que cuando te das cuenta que todo es una mentira han pasado muchisimos años,0,0,0,0
d_1164_02,quizá haya otras soluciones pero desde luego si vuelven a su marruecos de origen estos no van a dar problemas aquí.,0,1,1,1
d_450_02,y tranquilo aunque se maten entre ellos solo sobreviven los que mejor matan.,1,1,1,1
d_1989_01,mención especial para el vecino que profiere: ¨pues se los confina y yastá¨.,0,0,0,0
d_1052_01,"los políticos lo toleran todo lo que no va contra ellos, baste fijarse en iglesias, con su casoplón.",0,0,0,0
d_30_02,"deja de buscar excusas, el ateísmo puede ser igual de malo que cualquier religión.",0,0,0,0
d_2464_02,es la retrasada mental de piluca con un nuevo nick. y van 25,0,0,0,0
d_1667_01,españa agredida por marruecos. 8000 invasores se meten en casa.,1,1,1,1
d_72_07,y si eres cientifico tambien aceptaras que las certidumbres absolutas son limitadas y sujetas a matizaciones con descubrimientos posteriores.,0,0,0,0
d_1270_01,"para que sea al menos un poco durilla, tendrás que decir ""lo que le salga del puto coño"" :-d",0,0,0,0
d_1755_01,la seguridad de un aeropuerto como el de palma un desastre.,0,0,0,0
d_972_11,no la escolarizo y la tuvo de sirvienta más de 3 años.,0,0,0,0
d_2204_05,la palabra hipócrita se queda corta.,0,0,0,0
d_983_02,¿tendremos que tomarnos la justicia por nuestra cuenta?,0,0,0,0
d_1982_01,"no vienen a que les mantengan, vienen a recoger la fruta que te comes.",1,1,1,1
d_1900_01,y que siga la fiestaaaaa!!!!,0,0,0,0
d_1128_01,"vaya complejazo que tiene algunas, ""es que no es por racismo"".",0,0,0,0
d_2541_03,"de hecho, la subdirección mas influyente e importante de la dgse, es la del maghreb y el norte de africa, donde francia ejerce cuatro o cinco protectorados de hecho.",0,0,0,0
d_2063_02,sólo si muchos más ciudadanos dicen lo mismo que usted los partidos políticos que aún están en la carrera por ser los más globalistos del mundo se van a estrellar con la realidad.,0,0,0,0
d_1905_01,"si un solo simulante con un grupito, sin armas, puede provocar el caos en el 3r aeropuerto del país, ¿qué no podrían hacer un 1% de los invasores del sur quintacolumnistas ya dentro, a las órdenes de su sátrapa comendador de los creyentes que llame a la yihad para recuperar al andslus = españa?",1,1,1,1
d_1420_01,sin más señas no sé quién puede ser ese tal m. rajoy.,0,0,0,0
d_2177_01,"a mi también se me cae el alma al suelo, por diferente motivo.",0,0,0,0
d_649_01,"y yo propongo que echenique , que ha reconocido que no paga la!seguridad social de sus empleadas de hogar, pierda la nacionalidad española y sea expulsado de este pais.",0,0,0,0
d_1121_05,leer las declaraciones de la mujer realmente incomprensibles.,0,0,0,0
d_11_05,se nutren del odio que siembran y tratan de alcanzar poder e influencia dividiendo y enfrentando.,0,0,0,0
d_1460_03,"a mi meneame me encanta, una noticia de 4 individuos q intentan hacer una agresion sexual a una niña y se acaba hablando de mariano rajoy, es impresionante jajajaja",0,0,0,0
d_541_01,a disfrutar de lo votado...,0,0,0,0
d_2192_03,"por eso, buenísimos aparte, cuando un país tiene una localización geográfica tan complicada como la nuestra, el sentido común invita a que las leyes de inmigración sean severas y la sensibilidad con las fronteras sea alta..",0,0,0,0
d_570_01,"hombre claro no hay que pensar mucho para averiguar las ideas de esta ultra izquierda acaparar votos,pero la pasta se acabara y haber de donde lo van a sacar de momento aun no ha llegado nada de dinero y ya veremos estando esta ultra izquierda en el gobierno europa no va atragar.",0,0,0,0
d_475_01,costumbres...,0,0,0,0
d_1847_01,os habéis dado cuenta que los fines de semana o festivos la izmierda aparece poco por aquí?.,0,0,0,0
d_2075_03,imaginaos que en marruecos además tienen una ministra que dice que los menores no son de los padres y que se lo quedan.,1,0,0,0
d_1628_03,es you problema y no el nuestro.,0,0,0,0
d_1568_01,una cosa es dar trato humanitario atender y su necesidad momentánea pero después hay que devolverlos por donde han venido.,1,1,1,1
d_2432_03,te habrían enseñado que los monosílabos no suelen llevar tilde.,0,0,0,0
d_1885_02,"lo hemos visto durante los meses más duros de la pandemia, han seguido entrando en pateras sin que la salud pública del país, haya podido superponerse a una supuestas razones humanitarias de los marroquíes y subsaharianos.",1,1,1,1
d_2120_02,es por eso por lo que nunca recuperaremos gibraltar.,0,0,1,0
d_450_01,¿si? de momento de todos los que iban en la patera seguramente es el que mejor cama y comida ha tenido hasta el,1,1,1,1
d_2055_01,los ilegales deben de ser devueltos o acordar su reparto con europa.,1,1,1,1
d_1768_01,el mismo caso.,0,0,0,0
d_427_01,de escuela femenina.,0,0,0,0
d_2141_02,la gente se ha liberado de vuestros trucos baratos.,0,0,0,0
d_1287_01,si pudiera votarte positivo 30 veces...,0,0,0,0
d_1769_01,la peor nacionalidad del mundo...los marroquíes....,1,1,1,1
d_1574_01,"ridículo,yo llego a españa a gastar dinero y me recibe un policia con cara de pocos amigos.",0,0,0,0
d_680_02,el que te pagan por escribir aquí.,0,0,0,0
d_2036_01,"el articulo lo deja claro, la actuacion de los gobiernos, comunitario y nacional, en el caso del acomodo y atencion a los jovenes marroquies, es deplorable.......de ahi los brotes",1,1,1,1
d_1677_02,"no obstante... igual hay algo más que el simple deseo de consolar, o sea, tal vez sea casualidad, pero resulta que quien recibe sus mimos no es un niño, ni una mujer, ni un hombre poco agraciado físicamente...",0,0,0,0
d_125_03,curas del país vasco pedían tomar las armas para defender al pueblo vasco,0,0,0,0
d_1082_01,¿ con piedras ?,0,0,0,0
d_161_02,no es del podrido precisamente.,0,0,0,0
d_853_06,"su hija dice que no quiere llevar pañuelo, ella lo respeta y le dice que e no se preocupe que en marruecos nones obligado pero no la veo con muchas ganas de vivir en marruecos la verdad por muy bonito que lo pinté mami.",0,0,0,0
d_154_01,basta ya de este pacto global por el que tenemos que respetar vuestras paranoias imaginarias!,0,0,0,0
d_1097_01,"rajoy con su mayoria superabsoluta pudo derogar la ley del menor, la de inmigracion, la electoral, pero se dedico a dar pasta s las cajas de ahorros para que pudieran devolver el dinero depositado de sus clentes",0,0,0,0
d_485_01,dicen que ya le han buscado un puesto en una carnicería de almería,0,0,0,0
d_1456_02,"primero, es según el juez, luego que haya sentencia firme y finalmente...que llegue a cumplirse.",0,0,0,0
d_1984_01,"pero lo de que vengan, trabajen y los exploten no parece que lo veas como inconveniente.",1,1,1,1
d_2492_01,"como bien dicen los foreros, los inmigracionistas, delincuentes asociados sa, se burlan, no nos respetan porque saben que detrás están grandes sumas de dinero y un negocio que cada vez va a más.",0,0,0,0
d_614_02,y me refiero únicamente a aquellos que reciben su sueldo en negro y no pagan ningún tipo de impuestos.,1,1,1,1
d_395_01,+1!,0,0,0,0
d_1796_01,habrán venido a ayudar ???,0,1,0,0
d_1340_12,hasta conozco a alguien que vio cómo se montaban carreras ilegales de motos debajo de su casa.,0,1,0,0
d_964_02,efectivamente el tema es mucho más interesante y deberíamos tener datos.,0,0,0,0
d_240_08,sigue disfrutando de tu tremenda ignorancia jodido paleto,0,0,0,0
d_2215_02,nos interesa más que nos hables de cómo saquean y destrozan comercios y la cruz roja va por detrás pagando esos detrozos para que los dueños no denuncien.,1,0,1,1
d_1325_02,no será delito penal porque son ellos los que legislan sobre esto.,0,0,0,0
d_896_02,"es potente y poderosa, pero solo para posicionarse en el poder y enriquecerse, y no realmente eficaz contra lo que dice luchar.",0,0,0,0
d_0_01,la solución es desarrollar el pensamiento crítico y escéptico.,0,0,0,0
d_1067_01,"anoche mientras dormía / soñé, bendita ilusión,  / que el censor no me borraba / opinión tras opinión",0,0,0,0
d_1463_01,"los inmigracionistas, delincuentes asociados sa, que gozan de prestigio en el entorno de políticos, medios, empresarios, islamistas, traficantes, etc. están muy dolidos por no haber cumplido con el sueño que se les brindaba de llenarnos de invasores ayudando y colaborando con una potencia o país extranjero, abiertamente hostil, a nuestra invasión, sustitución, saqueo, sometimiento e islamización por la que cobran y ya han recibido, por los menos de nuestro gobierno, un adelanto.",1,1,1,1
d_1539_01,mejor ser un parásito buenista que ser lo que seáis los engendros de vox,0,0,0,0
d_678_02,"medida inteligente y con doble intencionalidad: si se los legaliza pasarían a tener un nombre y apellidos conocidos, tendrían un número de nie, o sea, estarían identificados, no como ahora que son unos invasores infiltrados e incontrolados.",1,1,1,1
d_72_04,"ahora bien, es algo deseable.",0,0,0,0
d_2390_03,"todos vuestros argumentos son fascismo (los verdaderos fascistas sois vosotros), franco ( history of paleolítico), ultraderecha",0,0,0,0
d_881_01,por que se considera racismo la crítica de vender menores como ganado.,0,0,0,0
d_1069_01,los centros de menores no tutelados son escuelas de delincuentes.,1,0,1,1
d_1659_01,"que apalanquen a su hija y la manoseen así, entonces, veremos lo que piensa.",0,0,0,0
d_2508_01,jjjjjjjjjjjjjjjjjjj somos un país de pandereta y un chiste al q cualquiera de cualquier país entrara si o si en españa si le da la real gana ...,0,0,0,0
d_1568_03,si no sabes separar tu trabajo de la emotividad mejor no te dediques al trabajo social no puedes empatizar con todos los desgraciados a los que vas a tener que ayudar,1,0,0,0
d_43_01,"no, los lideres de los movimientos sociales, sean religiosos o no, se mueven mayoritariamente motivados por el ego, el ansia de poder, influencia y hambre de trascendencia.",0,0,0,0
d_745_02,"yo ya asumí hace tiempo que hay gobierno de izquierdas para largo, al estilo putin.",0,0,0,0
d_2047_03,y la izquierda aplaudiendo.,0,0,0,0
d_1262_01,"perdóname si la expresión es algo dura, pero hará lo que le dé la gana.",0,0,0,0
d_72_06,la sociologia y la neurologia no tiene respuesas concluyentes.,0,0,0,0
d_1198_02,"basta ya de buenismo, esta gente se aprovecha los políticos ineptos que tenemos y de las leyes de chiste que hay en este país, en donde se protegen mas a los delincuentes, que a las personas honradas, en sus países seguro que no lo hacen.",1,1,1,1
d_1776_01,"no aprenderemos, regla de oro del protocolo de actuación de la guardía civil y unidades antiterroristas en aeropuertos.",0,0,0,0
d_1637_01,"miralo. y hasta sabe escribir, que tierno",0,0,0,0
d_1500_02,"llámese nación, o patria, o bandera.",0,0,0,0
d_1149_06,ya está bien de engañar a la ciudadanía.,0,0,0,0
d_2192_07,"ah, y miren el pib per capita y las vacunaciones a ver qué tal..",0,0,0,0
d_1189_16,"y los que se queden dentro, o a cumplir leyes o a palos con ellos.",1,1,1,1
d_1941_01,"y todo por el ""morro"".",0,0,0,0
d_1044_01,"cuando la vuelvan a robar una y otra vez, se dará cuenta que la culpa no son de los centros sino más bien de el gobierno que permite todo todo.",0,0,0,0
d_534_02,ahora legalizan unos 220.000 por año.,0,0,0,0
d_2166_02,muy bonito y conmovedor pero muy poco profesional.,0,0,0,0
d_2373_01,"lea un poco este foro, disfrute de perlas como ""pero si no son humanos"" o ""hay que tirarlos del avión"" y saque usted sus conclusiones, señor.",1,1,1,1
d_1726_03,"viva españa! (la de antes claro, porque la de ahora da risa)",0,0,0,0
d_2182_03,"españa, ni siquiera europa son los responsables de echarse a las espaldas la responsabilidad de salvar el mundo.",0,0,0,0
d_710_03,qué bonito!!!!qué ideal!!!!!,0,0,0,0
d_1989_03,"si, si, 4 de ellos ya los he invitado a que se pasen la próxima semana en mi puta casa de la moncloa, que no es menester que me lo recordéis.",0,0,0,0
d_2111_05,"observa como esta francia el problemón tan grande que tienen encima con esta gente, ¿quieres que acabemos igual?",1,1,1,1
d_654_01,"y los trabajadores levantándose a las 5 de la mañana, para dar la paguita a estos inmigrantes, vaya país de incautos y que voten a podemos es significativo el votante de podemos que no trabaja y vive suvbencinado,",1,1,1,1
d_2223_02,¿sabe algo de él?,0,0,0,0
d_313_02,pónganle ya una asistenta social así la viola de paso,0,1,0,0
d_1506_02,nosotros echábamos algún casquete con el cuento progre.,0,0,0,0
d_2249_02,"y como presuntamente parece que estaban todos en el ajo, tal vez el juez les podrá acusar de organización criminal, y todos ellos sean ingresados en prisión a la espera de juicio por los delitos presuntamente cometidos.",1,1,0,1
d_1157_01,que será de aquella respuesta podemita del: son sus costumbres y hay que respetarlas...,1,1,1,1
d_569_01,"a los emigrantes que ya están en españa nunca los vamos a poder expulsar, es mejor reconocerlos y que trabajen legalmente.",1,1,1,1
d_1985_15,"porque no beber e hidratarte si estás con fiebre (por resfrío, gripe, coronavirus o una infección) puede ser letal.",0,0,0,0
d_738_03,"como vox pero a la izquierda, populistas en estado puro",0,0,0,0
d_1647_03,"han convertido una imagen ,un hecho normal, un trabajo humanitario  de la cruz roja como algo escepcional y único.",0,0,0,0
d_768_01,hay que ver cómo se reparten el trabajo estos cretinos.,0,0,0,0
d_2060_03,no tienen trabajo y hacen de la delincuencia su modus vivendi.,1,1,1,1
d_351_03,"xdddddddddddddddddddddddd
si un negro degolla a otro no se puede decir.",0,0,1,0
d_2447_01,"esto es terrorismo aéreo, no deben ser devueltos hasta ser juzgados y condenados a una larga temporada de cárcel.",1,1,1,1
d_789_04,a vox?,0,0,0,0
d_992_01,es un asesinato en grado de tentativa,0,0,0,0
d_762_04,y para los ilegales españa está de paso hacia europa.,1,1,1,1
d_466_01,"loss mas valientes, los que mejor cortan nuestras cabezas, para vosotros, socialistas, izquierdistas, y no racistas,",0,1,1,1
d_101_02,no tiene sentido.,0,0,0,0
d_1697_03,es el inmigrante el que se le lanza y la abraza,1,0,0,0
d_167_03,vaya por dioooossss... nunca se puede saber qué es mejor...,0,0,0,0
d_949_02,apela a las emociones y al final no da ninguna información por más párrafos que le pongan.,0,0,0,0
d_107_02,yo ya no se que fumais algunos...,0,0,0,0
d_831_01,"necesitan votos, jajaja. 600.000 no está mal ehhhhh???",0,0,0,0
d_100_01,"aparte de que se construirían mezquitas en la clandestinidad, dificultando más aún la vigilancia.",1,1,1,1
d_274_01,que manera de perder la cabeza por un zumo.,0,0,0,0
d_1326_02,pero es que además no son delitos comparables.,0,0,0,0
d_45_02,pero no hay que precipitarse ni dejarse llevar por el miedo.,0,0,0,0
d_1963_01,"a la llegada al asentamiento, de nuevo algún momento de tensión cuando alguna persona les ha lanzado piedras, lo que ha obligado, de nuevo, a interceder a la policía...",0,0,1,0
d_1478_03,"para mí el asco es arruinar a españa, con consignas trazadas por los partidos de izquierdas, sin oponerse. eso es el pp",0,0,0,0
d_1930_01,pero el desfile de soldaditos no se va a suspender ¿verdad?,0,0,0,0
d_2073_02,"cualquiera diría que el señor rosell esta en nomina de soros, ¿no les da vergüenza publicar estos artículos?",0,0,0,0
d_2232_03,mucho más profesional y más eficiente el gc que no paró de rescatar gente del agua (como el bebé) sin tanto cuento ni pérdida de tiempo.,0,0,0,0
d_2064_02,"expulsar prácticamente no se expulsa a nadie de españa, y las devoluciones en caliente, contadas con los dedos de una mano, somos el hazmerreír del mundo, aquí ancha es castilla, se les traslada a ls península y que cada uno vaya por dónde quiera, un país sin control ni nada que se le parezca para la inmigración.",1,1,1,1
d_954_02,en serio ¿en qué te basas para decir que el feminismo no es eficaz contra el machismo si en un par de décadas ha cambiado notablemente un país?,0,0,0,0
d_1627_01,"deja de hacer el ridículo, que se nota mucho.",0,0,0,0
d_311_01,normal.,0,0,0,0
d_244_01,¿salir a la calle a qué?,0,0,0,0
d_647_01,si no tienen permiso de trabajo ¿donde han estado trabajando?,1,0,1,1
d_361_01,que pobres están en shock.,0,0,0,0
d_1155_01,pues yo si quiero que se vayan expulsados a su país sin que puedan volver.,1,1,1,1
d_2462_02,"multa y cárcel, como minimo hasta que no paguen la multa.",1,1,1,1
d_2313_01,eso lo hace un españold en un aeropuerto españold (o extranjero) y se le cae el pelo.,0,0,0,0
d_1612_01,"en ningún momento he mencionado el color de piel del tirado, ni su raza.",0,0,0,0
d_1107_06,"esto es inaguantable ,",0,0,0,0
d_1931_01,y porque no desembarcaron al supuesto enfermo .por una pasarela cubierta y con policias o gc.dentro de la pasarela  como hacen a la mayoria de pasajeros ?,0,0,0,0
d_599_02,ideas brillantes de gente brillante.,0,0,0,0
d_80_03,"sólo pregunto como haces para ""prohibir el islam"" porque está en mi el desconfiar de las ""soluciones sencillas"" para problemas complejos.",0,0,0,0
d_2218_03,ufff...que ascazo y pena,0,0,0,0
d_1292_01,la solución es cerrar el parque.,0,0,0,0
d_15_02,esos chicos ya lo tenían claro de antes,0,0,0,0
d_78_05,la leccion deberia ser no fiarse de lideres salvadores y buscar consenso dentro de la diversidad.,0,0,0,0
d_2499_04,"ya somos tres lo que así pensamos: marlaska, su novio y yo.",0,0,0,0
d_1342_03,"cuando es inmigrante inmediatamente remarcan de dónde, porque es lo que vende",1,1,0,1
d_1995_02,"joer no sabia yo esto cuando me hacian bullyng que podia destrozar lo que me de la gana, y luego saldria un periodico a justificarlo",0,0,0,0
d_942_03,"y será seguramente, porque el que lo intente acabará ""suicidado"".",0,0,0,0
d_1313_01,""" pero no sobre delincuentes no extranjeros a pesar de que éstos suponen el 70% de la población reclusa y cometen muchos más delitos""",1,1,1,1
d_972_13,cuando en una visita familiar se enteraron los padres exigieron su vuelta y le buscarlo un colegio.,0,0,0,0
d_2297_01,"hombre, hubieran venido por canarias, que les ponen hotel, comida y tarjeta de crédito a cargo del contribuyente..",1,1,1,1
d_2025_05,"2º ) esto es del cdc americano, es la comparativa de causas extrañas fíjense después de la vacunación y muy llamativa la gripe desde marzo de 2020 ( se murió la gripe, no hay). esta es por años.",0,0,0,0
d_1826_02,"con un haren y los gastos pagados, una vida gratis de delincuente habitual, con muertes, violaciones, atracas y la vida que todo marroqui desearia tener",1,1,1,1
d_2132_02,allí no les pagan un duro,1,0,1,1
d_1430_08,y digo esto con todo el respeto eh,0,0,0,0
d_652_02,"no queremos saber por qué son más baratos muchos productos, no queremos saber que la piramide poblacional hace inviable las pensiones si no hay más gente (por natalidad o por inmigración) que aporte, no queremos saber que en el resto de europa en el año 2050 más del 35% de la población será musulmana (mucho mas que en españa que hay mucha menos inmigración), no queremos saber que los españoles (entre los cuales me encuentro) no aceptamos cualquier trabajo y por eso necesitamos inmigrantes que lo acepten, no queremos saber que la mayoría de los jetas, delincuentes y vividores son nativos de aqui, no queremos saber que españa (por territorio) debería tener 80-90 millones de ciudadanos y nuestra baja natalidad lleva decenios siendo una rémora para nuestro progreso ...etc.",1,1,1,1
d_1640_02,pues los tontoslahaba enfermos de vox aun no se han enterado,0,0,0,0
d_1830_07,tampoco me extrañaría.,0,0,0,0
d_473_01,el que mata a un ladrón...,0,0,0,0
d_2323_01,pero si no son humanos,0,1,1,1
d_1766_02,"jajajajaja si hhan sido 20 , como está primera vez ha salido bien mañana  300",0,0,0,0
d_458_02,"este apuntaba a verdugo, creía que aquí había pena de muerte",0,0,0,0
d_1910_01,nueva marcha verde...,0,0,0,0
d_1697_04,se le ha dado un enfoque propagandístico ensalzando la figura d la chica .,0,0,0,0
d_175_03,el más agresivo de sus postulados lo defienden los salafistas financiados por arabia saudí que a su vez financia la construcci?n de mezquitas salafistas por todo el mundo.,0,0,0,0
d_2241_01,"menos a abascal, que ese no tiene alma. ataque al pobre sin remordimiento alguno.",0,0,0,0
d_1180_02,"lo que para el pp de madrid es populismo de vox, para los vecinos es una emergencia.",0,0,0,0
d_1776_02,"avión que intenta aterrizar en un aeropuerto españold de urgencia sin ruta anterior autorizada, debe ser enjaulado por los vehículos patrol de los gar o geos para evitar sorpresas desagradables como la de una entrada ilegal en españa de inmigrantes a la carrera que se les ha ocurrido la última genialidad ya  pasados de la raya con su inventiva o lo peor un  autentico grupo de terroristas que directamente desembarca en españa en pista de aeropuerto españold para mayor inri.",1,1,1,1
d_1431_01,esto ha llegado a portada porque el nombre del medio ha debido confundir a la élite intelectual del país.,0,0,0,0
d_2086_01,¿cuántas docenas dice que quiere que le enviemos a casa?,0,0,1,0
d_705_02,con la inspeccion de trabajo y en contra de pp y vox.,0,0,0,0
d_991_01,totalmrnte,0,0,0,0
d_1464_04,y el ne..gro ya se veia casado y con siete nigri..tos.,0,0,0,0
d_398_01,"y todos esos, incluido el loco ese, en malaga.",0,0,0,0
d_1118_06,¿que quiere  resolvemos el problema dándole casa y paga ?,0,1,1,1
d_1943_02,esto es ya lo que quedaba por ver.,0,0,0,0
d_2220_01,que le den a luna y al otro,0,0,0,0
d_576_04,hay cosas incomprensibles.,0,0,0,0
d_2087_05,"esa mujer ""admirable"" ha hecho de el buenismo su modus vivendi, parasita del sufrimiento ajeno y este medio como otros le hacen una propaganda despreciable.",0,0,0,0
d_168_03,el 11 de septiembre lo cambió todo.,0,0,0,0
d_2138_02,a luna se le caería mucho mas que el alma al suelo si se pasa 4 horas sin internet y redes . jo tia!!!,0,0,0,0
d_165_02,y deberian ser unicamente para uso de los cuerpos que nos defienden.,0,0,0,0
d_1021_02,"pues evidentemente fenotipo de españolitos no tendrían, cuando le suceda a uno de los vuestras dirás lo mismo¿?,",0,0,1,0
d_1606_01,jajajaja!!,0,0,0,0
d_585_01,"tranquilos , en pocos meses la mayoría de los sin papeles tendrán que buscar otro país al que emigrar , incluso algunos de los que legalmente están aquí tendrán que buscarse la vida en otros lares dada la precariedad a la que nos van a abocar a todos con tantas sugerencias.",1,1,1,1
d_2042_02,"dígaselo al pobre pescador de almería al que ayer una banda de 10 de sus niños a enviado al hospital, molido a golpes despues de robarle por valor de 1500 euros entre cañas, teléfono, dinero,...",0,0,0,0
d_1603_03,solo sacais las noticias sensacionalistas para sensibilizar a los borregos.,0,0,0,0
d_1290_01,"hombre aniquilar, no diría tanto.",0,0,0,0
d_1323_12,ni una noticia en los medios visuales ni nada,0,0,0,0
d_1357_03,"otra noticia, de hoy... fíjate cuál es la nacionalidad que ponen.",0,0,0,0
d_1034_02,la que confunde racismo con denunciar a extranjeros delincuentes.,1,0,1,1
d_2343_04,menos funcionarios que no funcionan y más gestión privada.,0,0,0,0
d_865_04,vale iban de casa en casa pero es que está expresamente prohibido quitar a los niños por cuestiones económicas desde hace años.,0,0,0,0
d_918_02,lamentablemente el control de fronteras es un negocio extremadamente suculento con unas mordidas que no podrías ni imaginar.,0,0,0,0
d_381_01,lo normal es que se tiren entre ellos por la borda en vez de ponerse a cortarse la cabeza.,0,0,0,0
d_627_01,que orgulloso estoy de nuestro gobierno!,0,0,0,0
d_655_04,éstos sí pueden aceptar trabajo en el campo y no lo hacen porque prefieren cobrar sin trabajar.,1,0,1,1
d_1407_02,una cosa es robar para comer y otra esto.,1,1,0,1
d_194_03,(nacionalismo crea separatismo)????????.,0,0,0,0
d_65_06,¿reducido respecto a que?,0,0,0,0
d_171_01,"cuando hagas esa relación, no olvides mencionar que nuestro rey themérito lleva cobrados 2200 millones del régimen salafista más poderoso del mundo, y sigue cobrando.",0,0,0,0
d_970_03,me quedo más tranquilo.,0,0,0,0
d_1913_01,pedrito sanchez ud y su gestión un desastre.,0,0,0,0
d_2083_01,"los ceutíes, melillenses y canarios son africanos por más que vayan de europeos, no son europeos y los restos de los primeros seres humanos da por hecho que todos venimos d allí , son más europeos los turcos que no estás zonas mirar el mapa, parece que estéis ciegos",1,1,1,1
d_2298_03,ud seguro que es votante voxero y la vida humana vale menos que nada según su ideario,0,0,0,0
d_1799_02,"están sometiendo al mundo como tienen mandao, empezando por recuperar esp.",0,0,1,0
d_1782_01,"decididamente: del too y p,a siempre.",0,0,0,0
d_2061_03,"una hoja con todos sus derechos y deberes, al minimo delito deportacion de por vida.",1,1,1,1
d_65_01,el control estricto de fronteras no ha funcionado para nada.,0,0,0,0
d_841_01,mente preclara la del señor robba.,0,0,0,0
d_1840_01,"armengol ya ha dejado claro que si los guardias civiles y los policias se dirigen a los ilegales en castellano cuando los detienen, declarara que todas esas detenciones seran ilegales.",1,1,1,1
d_1725_03,"sin presidente, huido cuando hay problemas;",0,0,0,0
d_1145_01,"y si conseguimos la responsabilidad del político o del funcionario que lo aceptó, ese día tendremos muchos menos de esos delincuentes ilegales en nuestro país.",1,1,1,1
d_2228_04,y los seres humanos son para ellos un instrumento de poder.,0,0,0,0
d_2171_01,"tiene muchas más posibilidades de contagiarse de malaria, difteria, sífilis o sarna (es una ""evidencia científica"" que las portan en gran número) que de ""covid"".",0,1,1,1
d_30_04,"¿o a caso te perjudica en algo que yo vea en las teleplastias de bélmez un indicio de que haya otros ""planos de existencia""?",0,0,0,0
d_814_02,"primero creamos una paguita que pagan los españoles de sus impuestos y decimos que es que para gente con residencia en españa legal y después regularizamos un millón de ilegales a los que le damos la pasta, la nacionalidad y nos tiramos en el gobierno 20 años más.",1,1,1,1
d_1983_01,"han tardado muy poco en salir a blanquear los inaceptables incidentes de hoy, pensaba que esperarían a que el tema de enfriase un poco.",0,0,0,0
d_141_02,estudiantes dando la vida por sus maestros... lo nunca visto...? </ironic_off>,0,0,0,0
d_338_02,todo correcto.,0,0,0,0
d_2418_01,si van a la cárcel pagaremos nosotros 3000 por cada uno al mes.,1,0,0,0
d_215_02,que eso es un pastizal allí.. en fin.,0,1,1,1
d_2072_02,pero lo peor de todo es el cacao que tiene con la derecha y los botellones,0,0,0,0
d_218_03,que yo no tengo 2500 euros y cada uno de los iban en esa patera sí .,0,0,0,0
d_2542_03,quien lo paga? los de siempre.,0,0,0,0
d_2212_01,hipócrita por ayudar?,0,0,0,0
d_1703_01,"todos estos y estas, social-comunistas, feministas y demás basura política, ni apoyaron,ni acompañaron, ni condenaron la salvaje violacion -vaginal y anal- de la chica de lérida.",0,0,0,0
d_1255_04,ahí tienes las respuestas de #12 #13 #14 #17..............................,0,0,0,0
d_67_01,"gracias por el consejo, madurar nos viene bien a todos.",0,0,0,0
d_2116_01,"yo no estoy a favor de la inmigración ilegal, y menos de marroquies y resto de africanos, pero respeto a quienes piensan lo contrario... si los acogen en sus propias casas yse hacen responsables de ellos.",1,1,1,1
d_417_01,europa debería tener un canal de televisión en todos esos países para entrevistar y hacer documentales con las experiencias de todas estas personas.,0,0,0,0
d_2221_04,"un par de kilómetros y un remojón en unos pocos casos para la cámara (el ""exhausto"" de la foto está sequito y fibroso), y ya tenemos a la aborregada y castrada sociedad europea tragándose la enésima farsa pergeñada por los peores delincuentes del mundo.",0,0,0,0
d_1316_03,mira los datos.,0,0,0,0
d_23_02,no han tenido reformismo y por tanto van jodidos a la hora de discutir,0,0,0,0
d_95_01,"pues lo dicho, tu con tu convencimiento y sin aprender nada de lo observado en la historia y a confiar ciegamente en lo que tu crees correcto, hasta que se demuestre lo contrario.",0,0,0,0
d_2182_02,lo mismo tú eres uno de esos que está miando desde dentro españa haciendo de quinta columna de marruecos.,0,0,0,0
d_1199_03,"a la gran mayoria de la gente no le importan estos hechos, les da igual. c",0,0,0,0
d_1816_01,"con sólo mirar un mapa del mediterráneo se puede ver que el tiempo de vuelo de un avión marruecos-estambul serán unas 3, ó puede que 3 hora y media.",0,0,0,0
d_972_17,pero yo pienso que su tía lo que fue es una hdlgp y su tío igual por consentirlo.,0,0,0,0
d_908_01,a no ser que en su país no sea ilegal.,1,1,1,1
d_972_18,"siempre me sorprendoo mi amiga por eso el optimismo de mi amiga de que marruecos está avanzando y que ella por ejemplo davchrals cuando va a su país porque tiene trabajo, estudios, está separada...",0,0,0,0
d_1884_01,"el sátrapa de su rey y los policías, alguien tendrá que contar la ""pasta"" que les envía el falconeti.",0,0,0,0
d_1672_04,menudo aspecto de “ser indefenso” que tenía el colega.,0,0,0,0
d_2429_01,por masmadrid no nos viene nada..2 años de vacaciones pagadas si acaso.,1,1,1,1
d_1469_03,"quizá no era la intención de esta chica, pero ha sido lo que ha transmitido a muchos ya cansados de esto.",0,0,0,0
d_780_01,"es que es verlo y me sale decir ""aparta, bicho"".",0,0,0,0
d_1254_01,"país de progres, consecuencias progres.",0,0,0,0
d_1439_01,"atención a los votos negativos arbitrarios a la noticia de #0, spam e irrelevante, para que luego algunos aquí se pregunten si hay comandos tumba noticias y cuales son sus aviesas intenciones e ideologías.",0,0,0,0
d_1689_01,¿cuántos menas acoges en tu casa?,0,0,0,0
d_670_02,cuánta sinvergonzonería.,0,0,0,0
d_2540_01,"no solo recibimos delincuentes, también los exportamos.",1,1,1,1
d_455_01,"los mejores, los más valientes.",0,0,0,0
d_64_04,ya no quedan tantos peldaños.,0,0,0,0
d_1373_01,"el problema es que todos ya tenemos claro quienes son los que votan negativo estas noticias y por qué lo hacen, algo que está prohibido por la normativa de uso de este lugar pero que cierto grupo de pandilleros del nótame se saltan a las bravas cada dos por tres.",0,0,0,0
d_1646_01,"iros a áfrica de voluntarios, al menos allí, os lo costeaís vosotros, no españa entera la alta natalidad africana.",0,0,0,0
d_872_04,sin juzgado.,0,0,0,0
d_2165_01,se te ve buena persona,0,0,0,0
d_1888_01,"se ríen de nosotros, somos un país de payasos, que vergüenza y pena.",0,0,0,0
d_1154_01,esa es herencia.,0,0,0,0
d_693_05,"lo veremos con este grupito q habla en voz baja, ajjj",0,0,0,0
d_1316_01,explicate.,0,0,0,0
d_1713_01,totalmente d acuerdo.,0,0,0,0
d_117_03,"pero todo el mundo puede tener razón, no.",0,0,0,0
d_1655_03,"respecto a la foto, pues que quieren que les diga, un trayecto d 30 metros que se puede hacer andando, no cubre, no es para parecer un náufrago, salvo que su estado lo motive que algún amigo, compatriota etc..haya sufrido algún percance.",0,0,0,0
d_1110_01,eso que dice de la foto y la grima lo pensé al instante de ver la miniatura en la portada de abc.,0,0,0,0
d_653_07,"si entran personas y se les concede papeles y privilegios rápidamente, van a ser millones los que van a querer venir y de nuevo se empobrece más la sociedad.",1,1,1,1
d_972_03,"con estudios, trabajo y divorciada. m",0,0,0,0
d_35_01,en europa nunca cogió base el islamismo así que no hay necesidad de darle sitio.,0,0,0,0
d_407_01,ahora cotizará 40 años para pagarme mi pensión,0,1,1,1
d_1855_01,"quien no tiene remedio es quien se deja gobernar por este pelele trilero trolero y sus ministras, como la jotíaquésuperguay",0,0,0,0
d_853_09,se había en españa.,0,0,0,0
d_1690_01,"si, los mismos catolicos, que después son robados, violados y asesinados con bombas por esos mismos que la cruzecita roja les pasa la mano, me acuerdo ahora de todas las monjas violadas y asesinadlas en africa a manos de reas de musulmanes en ruanda, r. centroafricana, uganda y demás.....",1,1,1,1
d_37_02,¿consiste en prohibir un libro?,0,0,0,0
d_797_01,"con un 20% de paro, lo mejorcito es regularizar a otro 10% de inmigrantes sin trabajo y que, ante el inevitable efecto llamada, vengan otro 20% más... ... ...",1,1,1,1
d_1130_02,y cada día más.,0,0,0,0
d_1985_22,¿si fuera un españold en esa situación sería más grave?,0,0,0,0
d_1241_01,"curiosamente el karma les está penalizando, que es algo que no se veía en menéame desde tiempos inmemoriales.",0,0,0,0
d_33_01,por bastante menos se han parado en seco otras sectas.,0,0,0,0
d_482_01,traficante de personas ≠ inmigrante ilegal,1,1,1,1
d_595_02,"si, sobre todo han traído seguridad, jajajajaja.",1,1,1,1
d_2066_02,¿sabe la chica esta que no hay trabajo ni oportunidad para todos?...,0,0,0,0
d_1919_02,no hace falta dar nombres en la lista de beneficiarios...por lo menos una docena...,0,0,0,0
d_2047_02,"los grandes perceptores de ayuda social son los musulmanes en reino unido, suecia, belgica, francia y pronto lo serán en españa.",1,1,1,1
d_598_05,"igual daría si fuesen ciudadanos suecos los que vienen a aprovecharse de nuestras prestaciones, a delinquir, etc etc.",1,1,1,1
d_1484_02,no sé cuántas más escenas de este tipo tenéis que ver para asumir que os han colado el engaño de vuestras vidas.,0,0,0,0
d_1388_01,en la noticia no dice de donde es el tigre.,0,0,0,0
d_1170_01,"señora, que se mejore, pero creo que cada país se debería ocupar de sus súbditos, si aquí están mal, imagine en su país.",0,0,0,0
d_168_09,"¡dejemos ya de ser tan condenadamente respetuosos!"" richard dawkins",0,0,0,0
d_1724_01,señores tenemos un sosiata ganador.,0,0,0,0
d_1337_01,"uno de los juguetes, no el juguete :-)",0,0,0,0
d_854_03,darle visitas a esta mierda de noticia que ni siquiera explica que paso con la victima ni habla de adonde lo extraditan...,0,0,1,0
d_707_01,"para ofrecer condiciones dignas a los españoles, deberia de ser españa un pais no capitalista.",0,0,0,0
d_2353_05,somos corderitos en manos de degolladores de gaznates.,0,0,1,0
d_1137_02,se me ha exigido un certificado de antecedentes penales de mi país de origen apostillado por la haya y el respectivo viaje a argentina para tramitarlo.,0,0,0,0
d_1189_08,son parasitos.,0,0,0,0
d_967_06,luego es muy caro y largo para la gente de su país recuperar al menor.,1,1,1,1
d_2421_02,todo el mundo se ríe de nosotros y nos toman por el pito del sereno.,0,0,0,0
d_1661_02,con ello le estamos haciendo el juego al moro.,0,0,0,0
d_150_08,"no todos los lideres que han sembrado miseria han usado la religion para alcanzar sus objetivos, pero si todos han usado el odio.",0,0,0,0
d_188_03,"y en el norte tendrían que haber dicho antes aquello de ""basta ya"".",0,0,0,0
d_1514_04,"sin embargo no tenemos esta avalancha de fotos, aparición en redes sociales...de tantos miles que están en otra cosa, dando su vida de verdad y dedicados a actuaciones efectivas para mejorar la vida de desfavorecidos, sin fotos, llantos, abrazos, bailes,...",1,1,1,1
d_2264_01,con el culo al aire,0,0,0,0
d_2059_02,o al otro juez que simultaneamente dejaba en prisión a un hombre de casi 80 años por defenderse en su casa de un asalto?,0,0,0,0
d_1648_02,"cuando los abuelos se morian solos como ""perros"" en las residencias, no he visto ni tanto afán ni tantos abrazos de cruz roja.",0,0,0,0
d_886_02,se lo van a pensar dos veces estos tipos de delincuentes...,0,0,0,0
d_1741_02,por mi encantado.,0,0,0,0
d_1473_01,"yo no puedo abrazar a mi madre desde hace un año y medio casi, pero esta chica si puede abrazar a un extranjero, sin mascarilla, que ilegalmente ha cruzado la frontera, y que viene de estar conviviendo con cientos de personas sin tener la más mínima seguridad frente al covid, sinceramente me parece una irresponsable pq el abrazo no era necesario en ningún caso, y si el repartir mantas, asistir a los que tuvieran hipotermia o cualquier herida de gravedad, que para eso están.",1,1,1,1
d_1120_01,entonces cuando te ataquen te tienes que comparecer de ellos?,0,0,0,0
d_1035_01,"si después de lo que ha vivido la víctima y su hija piensan que el problema es que están mal atendidos y como un rebaño de cabras, es que esta sociedad ya no tiene remedio...",1,1,1,1
d_290_01,los mejores y los más valientes,0,0,0,0
d_700_02,en el 95 ya había pasado mi primera crisis gracias a los socialistas.,0,0,0,0
d_1922_01,"sí, pobrecitos que no pueden robar y violar impunemente en su país, qué pena dan.",1,1,1,1
d_330_01,"los mejores, los más valientes y preparados.",0,0,0,0
d_455_03,"es lo que necesitamos, ver a toda la peor gentuza de áfrica por nuestras calles, psicópatas, ladrones, asesinos, violadores, sin ningún control.",1,1,1,1
d_2088_02,"el verdadero altruismo es el discreto, el que disfrutas tu a nivel interior porque sabes que haces lo correcto, sin necesidad de pregonarlo a los cuatro vientos.",0,0,0,0
d_501_01,"se que estás de coña pero emigrante es el que se va, independientemente de otros factores e inmigrante es el que llega, es decir para nosotros son inmigrantes, de verdad hay peña que dice eso en serio?",1,1,1,1
d_1243_04,recordad que los culpables de todo esto son los políticos que hacen las leyes o que acatan las injustas que vienen de europa.,0,0,0,0
d_2467_04,"pelele, dimite",0,0,0,0
d_584_01,"y 600000 votos más, para el pandemias.",0,0,0,0
d_2493_03,"los españoles, con sus votos, se han dejado llevar al infierno.",1,0,0,0
d_2244_01,¿pero que alma se te va a caer a tí?,0,0,0,0
d_1799_01,"vd y el gob. no entienden nada, lea mis com.",0,0,0,0
d_1147_01,¡¡¡qué asco de gentuza!!!,0,0,0,0
d_568_03,"marca psoe, más paguitas y más votos para esta gentuza!",1,1,1,1
